player_name,age,minutes_played,field_goal_success,goal_success_3P,goal_success_2P,effective_field_goal,total_rebounds,assist,steal,blocking,points
Aaron Brooks,33.0,189.0,0.406,0.355,0.447,0.486,17.0,20.0,6.0,0.0,75.0
Aaron Gordon,22.0,1909.0,0.434,0.336,0.497,0.5,457.0,136.0,59.0,45.0,1022.0
Aaron Harrison,23.0,233.0,0.275,0.209,0.385,0.341,24.0,11.0,9.0,2.0,60.0
Aaron Jackson,31.0,35.0,0.333,0.25,0.4,0.389,3.0,1.0,0.0,0.0,8.0
Abdel Nader,24.0,522.0,0.336,0.354,0.321,0.413,71.0,26.0,15.0,10.0,146.0
Adreian Payne,26.0,43.0,0.7,0.667,0.714,0.8,9.0,0.0,2.0,0.0,21.0
Al Horford,31.0,2277.0,0.489,0.429,0.514,0.553,530.0,339.0,43.0,78.0,927.0
Al Jefferson,33.0,484.0,0.534,0.0,0.541,0.534,143.0,30.0,16.0,23.0,252.0
Al-Farouq Aminu,27.0,2072.0,0.395,0.369,0.432,0.503,525.0,84.0,79.0,40.0,644.0
Alec Burks,26.0,1059.0,0.411,0.331,0.452,0.467,192.0,67.0,37.0,8.0,494.0
Alec Peters,22.0,225.0,0.378,0.31,0.625,0.5,37.0,12.0,2.0,2.0,82.0
Alex Abrines,24.0,1134.0,0.395,0.38,0.443,0.54,114.0,28.0,38.0,8.0,353.0
Alex Caruso,23.0,562.0,0.431,0.302,0.507,0.487,65.0,75.0,23.0,10.0,134.0
Alex Len,24.0,1395.0,0.566,0.333,0.568,0.567,518.0,82.0,27.0,61.0,587.0
Alfonzo McKinnie,25.0,53.0,0.533,0.333,0.833,0.633,7.0,1.0,1.0,1.0,21.0
Allen Crabbe,25.0,2197.0,0.407,0.378,0.461,0.529,324.0,117.0,47.0,35.0,990.0
Amir Johnson,30.0,1171.0,0.538,0.313,0.57,0.558,330.0,118.0,45.0,44.0,342.0
Andre Drummond,24.0,2625.0,0.529,0.0,0.536,0.529,1247.0,237.0,114.0,127.0,1171.0
Andre Iguodala,34.0,1622.0,0.463,0.282,0.567,0.514,246.0,210.0,54.0,38.0,384.0
Andre Ingram,32.0,64.0,0.471,0.556,0.375,0.618,6.0,7.0,3.0,3.0,24.0
Andre Roberson,26.0,1037.0,0.537,0.222,0.627,0.562,185.0,46.0,45.0,35.0,194.0
Andrew Harrison,23.0,1326.0,0.422,0.331,0.467,0.477,131.0,177.0,38.0,26.0,533.0
Andrew White,24.0,209.0,0.342,0.367,0.292,0.466,34.0,6.0,3.0,1.0,69.0
Andrew Wiggins,22.0,2979.0,0.438,0.331,0.475,0.481,358.0,160.0,91.0,51.0,1452.0
Anthony Davis,24.0,2727.0,0.534,0.34,0.558,0.552,832.0,174.0,115.0,193.0,2110.0
Anthony Tolliver,32.0,1757.0,0.464,0.436,0.561,0.632,241.0,90.0,32.0,21.0,703.0
Antonio Blakeney,21.0,314.0,0.371,0.288,0.418,0.423,33.0,20.0,7.0,1.0,151.0
Antonius Cleveland,23.0,82.0,0.4126666666666667,0.5833333333333334,0.284,0.508,9.333333333333334,1.3333333333333333,4.666666666666667,3.3333333333333335,15.333333333333334
Aron Baynes,31.0,1485.0,0.471,0.143,0.487,0.474,434.0,93.0,22.0,51.0,482.0
Arron Afflalo,32.0,682.0,0.401,0.386,0.413,0.485,66.0,30.0,4.0,9.0,179.0
Austin Rivers,25.0,2057.0,0.424,0.378,0.461,0.508,145.0,242.0,74.0,16.0,920.0
Avery Bradley,27.0,955.3333333333334,0.43199999999999994,0.287,0.4673333333333334,0.4766666666666666,77.33333333333333,62.666666666666664,34.0,5.333333333333333,437.3333333333333
Bam Adebayo,20.0,1368.0,0.512,0.0,0.523,0.512,381.0,101.0,32.0,41.0,477.0
Ben McLemore,24.0,1091.0,0.421,0.346,0.477,0.495,139.0,51.0,38.0,15.0,422.0
Ben Simmons,21.0,2732.0,0.545,0.0,0.551,0.545,659.0,661.0,140.0,70.0,1279.0
Bismack Biyombo,25.0,1495.0,0.52,0.0,0.521,0.52,468.0,66.0,21.0,95.0,468.0
Blake Griffin,28.0,1313.3333333333333,0.43733333333333335,0.34500000000000003,0.48100000000000004,0.49300000000000005,285.3333333333333,222.66666666666666,27.333333333333332,12.0,828.0
Bobby Brown,33.0,115.0,0.328,0.275,0.444,0.422,7.0,11.0,4.0,0.0,50.0
Bobby Portis,22.0,1643.0,0.471,0.359,0.514,0.52,498.0,123.0,50.0,23.0,964.0
Bogdan Bogdanovic,25.0,2175.0,0.446,0.392,0.485,0.529,223.0,258.0,72.0,16.0,917.0
Bojan Bogdanovic,28.0,2464.0,0.474,0.402,0.534,0.565,270.0,119.0,55.0,8.0,1141.0
Bradley Beal,24.0,2977.0,0.46,0.375,0.507,0.527,363.0,373.0,96.0,36.0,1857.0
Brandon Ingram,20.0,1975.0,0.47,0.39,0.483,0.497,314.0,230.0,45.0,43.0,949.0
Brandon Jennings,28.0,205.0,0.375,0.273,0.462,0.438,31.0,44.0,6.0,4.0,73.0
Brandon Paul,26.0,576.0,0.433,0.278,0.548,0.492,68.0,37.0,25.0,7.0,147.0
Briante Weber,25.0,158.0,0.4423333333333333,0.26933333333333337,0.45999999999999996,0.488,23.333333333333332,14.666666666666666,12.0,3.3333333333333335,33.333333333333336
Brice Johnson,23.0,68.0,0.556,0.0,0.594,0.556,22.0,1.5,7.5,4.0,29.5
Brook Lopez,29.0,1735.0,0.465,0.345,0.549,0.536,294.0,126.0,30.0,98.0,961.0
Bruno Caboclo,22.0,103.5,0.3,0.188,0.429,0.35050000000000003,21.5,3.5,2.5,4.0,26.0
Bryn Forbes,24.0,1517.0,0.421,0.39,0.446,0.51,110.0,80.0,28.0,2.0,555.0
Buddy Hield,24.0,2024.0,0.446,0.431,0.457,0.54,307.0,155.0,85.0,22.0,1079.0
C.J. Miles,30.0,1337.0,0.379,0.361,0.434,0.516,152.0,55.0,37.0,21.0,699.0
C.J. Williams,27.0,707.0,0.442,0.282,0.546,0.497,56.0,43.0,31.0,13.0,209.0
CJ McCollum,26.0,2923.0,0.443,0.397,0.465,0.506,321.0,272.0,77.0,35.0,1732.0
Caleb Swanigan,20.0,189.0,0.4,0.125,0.442,0.408,54.0,14.0,5.0,3.0,61.0
Cameron Payne,23.0,582.0,0.405,0.385,0.419,0.486,69.0,113.0,26.0,9.0,221.0
Caris LeVert,23.0,1864.0,0.435,0.347,0.48,0.493,260.0,299.0,82.0,22.0,858.0
Carmelo Anthony,33.0,2501.0,0.404,0.357,0.437,0.476,453.0,103.0,47.0,49.0,1261.0
Cedi Osman,22.0,672.0,0.484,0.368,0.586,0.57,120.0,41.0,22.0,3.0,238.0
Chandler Parsons,29.0,691.0,0.462,0.421,0.504,0.571,90.0,69.0,18.0,11.0,284.0
Channing Frye,34.0,463.3333333333333,0.48433333333333334,0.34400000000000003,0.655,0.5796666666666667,90.0,25.333333333333332,12.0,8.666666666666666,176.0
Charles Cooke,23.0,38.0,0.143,0.125,0.167,0.179,2.0,1.0,1.0,0.0,6.0
Chris McCullough,22.0,90.0,0.429,0.125,0.5,0.44,25.0,4.0,0.0,5.0,46.0
Chris Paul,32.0,1847.0,0.46,0.38,0.532,0.55,313.0,457.0,96.0,14.0,1081.0
Clint Capela,23.0,2034.0,0.652,0.0,0.653,0.652,802.0,68.0,58.0,137.0,1026.0
Cody Zeller,25.0,627.0,0.545,0.667,0.542,0.551,177.0,31.0,14.0,21.0,233.0
Corey Brewer,31.0,805.3333333333334,0.4486666666666667,0.2703333333333333,0.538,0.4996666666666667,102.66666666666667,43.333333333333336,52.666666666666664,9.333333333333334,253.33333333333334
Cory Joseph,26.0,2210.0,0.424,0.353,0.457,0.479,263.0,260.0,80.0,18.0,649.0
Courtney Lee,32.0,2310.0,0.454,0.406,0.482,0.529,224.0,180.0,80.0,17.0,913.0
Cristiano Felicio,25.0,977.0,0.591,0.0,0.596,0.591,233.0,55.0,16.0,11.0,308.0
D'Angelo Russell,21.0,1234.0,0.414,0.324,0.477,0.481,189.0,249.0,36.0,17.0,743.0
D.J. Augustin,30.0,1760.0,0.452,0.419,0.485,0.557,160.0,287.0,54.0,0.0,766.0
D.J. Wilson,21.0,71.0,0.563,0.4,0.636,0.625,10.0,3.0,3.0,1.0,21.0
Damian Lillard,27.0,2670.0,0.439,0.361,0.501,0.519,325.0,481.0,77.0,27.0,1962.0
Damien Wilkins,38.0,152.0,0.333,0.222,0.429,0.385,16.0,9.0,2.0,1.0,33.0
Damion Lee,25.0,404.0,0.408,0.25,0.511,0.457,71.0,29.0,19.0,1.0,161.0
Damyean Dotson,23.0,474.0,0.447,0.324,0.538,0.516,84.0,31.0,12.0,2.0,182.0
Daniel Theis,25.0,936.0,0.541,0.31,0.617,0.579,274.0,56.0,30.0,48.0,331.0
Danilo Gallinari,29.0,671.0,0.398,0.324,0.455,0.469,101.0,41.0,12.0,10.0,321.0
Danny Green,30.0,1791.0,0.387,0.363,0.419,0.49,249.0,110.0,63.0,80.0,600.0
Dante Cunningham,30.0,1041.3333333333333,0.453,0.3506666666666667,0.54,0.5326666666666667,198.66666666666666,32.0,26.0,20.0,278.0
Dante Exum,22.0,235.0,0.483,0.278,0.536,0.511,26.0,43.0,8.0,3.0,114.0
Danuel House,24.0,403.0,0.434,0.259,0.577,0.492,76.0,25.0,7.0,6.0,152.0
Dario Saric,23.0,2310.0,0.453,0.393,0.501,0.541,520.0,202.0,51.0,20.0,1141.0
Darius Miller,27.0,1944.0,0.444,0.411,0.535,0.594,164.0,111.0,28.0,17.0,637.0
Darrell Arthur,29.0,141.0,0.468,0.348,0.583,0.553,15.0,9.0,8.0,3.0,54.0
Darren Collison,30.0,2018.0,0.495,0.468,0.508,0.571,178.0,368.0,92.0,15.0,855.0
Darrun Hilliard,24.0,95.0,0.263,0.0,0.385,0.263,7.0,11.0,2.0,0.0,16.0
David Nwaba,25.0,1646.0,0.478,0.346,0.496,0.499,326.0,104.0,59.0,29.0,555.0
David West,37.0,999.0,0.571,0.375,0.576,0.575,238.0,138.0,47.0,75.0,495.0
Davis Bertans,25.0,1086.0,0.44,0.373,0.588,0.568,153.0,74.0,26.0,28.0,456.0
Davon Reed,22.0,242.0,0.289,0.289,0.289,0.362,39.0,13.0,10.0,2.0,63.0
De'Aaron Fox,20.0,2026.0,0.412,0.307,0.436,0.441,204.0,320.0,70.0,20.0,844.0
DeAndre Liggins,29.0,602.0,0.35750000000000004,0.33199999999999996,0.3875,0.445,62.0,37.5,32.0,12.0,79.0
DeAndre' Bembry,23.0,455.0,0.414,0.367,0.429,0.457,72.0,49.0,21.0,12.0,136.0
DeMar DeRozan,28.0,2711.0,0.456,0.31,0.494,0.488,315.0,417.0,85.0,22.0,1840.0
DeMarcus Cousins,27.0,1737.0,0.47,0.354,0.53,0.53,617.0,257.0,79.0,76.0,1210.0
DeMarre Carroll,31.0,2180.0,0.414,0.371,0.457,0.506,479.0,147.0,59.0,30.0,983.0
Dejounte Murray,21.0,1743.0,0.443,0.265,0.454,0.451,459.0,231.0,97.0,31.0,654.0
Delon Wright,25.0,1433.0,0.465,0.366,0.52,0.53,198.0,200.0,72.0,33.0,555.0
Demetrius Jackson,23.0,48.5,0.5695,0.5715,0.6060000000000001,0.646,6.5,6.5,3.0,0.5,12.0
Dennis Schroder,24.0,2078.0,0.436,0.29,0.48,0.469,208.0,417.0,72.0,6.0,1301.0
Dennis Smith,20.0,2049.0,0.395,0.313,0.435,0.446,260.0,358.0,71.0,18.0,1048.0
Denzel Valentine,24.0,2095.0,0.417,0.386,0.45,0.517,393.0,244.0,65.0,11.0,783.0
Derrick Favors,26.0,2153.0,0.563,0.222,0.596,0.573,552.0,102.0,54.0,82.0,944.0
Derrick Jones,20.0,163.33333333333334,0.428,0.11833333333333333,0.6663333333333333,0.44766666666666666,25.333333333333332,6.0,2.6666666666666665,8.666666666666666,40.666666666666664
Derrick Rose,29.0,280.0,0.43333333333333335,0.21666666666666667,0.47100000000000003,0.4503333333333333,23.333333333333332,24.666666666666668,4.666666666666667,2.6666666666666665,139.33333333333334
Derrick Walton,22.0,147.0,0.32,0.412,0.125,0.46,16.0,16.0,7.0,3.0,29.0
Derrick White,23.0,139.0,0.485,0.615,0.4,0.606,26.0,9.0,4.0,3.0,54.0
Devin Booker,21.0,1865.0,0.432,0.383,0.46,0.501,244.0,253.0,47.0,14.0,1346.0
Devin Harris,34.0,893.3333333333334,0.41100000000000003,0.3476666666666666,0.48033333333333333,0.5003333333333333,84.66666666666667,101.33333333333333,31.333333333333332,8.0,396.6666666666667
Dewayne Dedmon,28.0,1542.0,0.524,0.355,0.595,0.577,489.0,90.0,40.0,51.0,617.0
Dillon Brooks,22.0,2350.0,0.44,0.356,0.484,0.501,257.0,135.0,73.0,17.0,898.0
Dion Waiters,26.0,918.0,0.398,0.306,0.463,0.461,77.0,113.0,23.0,9.0,429.0
Dirk Nowitzki,39.0,1900.0,0.456,0.409,0.494,0.547,438.0,120.0,43.0,45.0,927.0
Domantas Sabonis,21.0,1810.0,0.514,0.351,0.524,0.524,572.0,151.0,40.0,32.0,861.0
Donovan Mitchell,21.0,2638.0,0.437,0.34,0.502,0.506,296.0,291.0,118.0,27.0,1616.0
Dorian Finney-Smith,24.0,448.0,0.38,0.299,0.481,0.463,75.0,26.0,10.0,4.0,123.0
Doug McDermott,26.0,1178.6666666666667,0.4683333333333333,0.43566666666666665,0.4916666666666667,0.5613333333333334,133.33333333333334,52.666666666666664,12.666666666666666,10.666666666666666,420.0
Dragan Bender,20.0,2069.0,0.386,0.366,0.426,0.508,361.0,130.0,22.0,53.0,531.0
Draymond Green,27.0,2287.0,0.454,0.301,0.562,0.516,535.0,508.0,95.0,91.0,773.0
Dwayne Bacon,22.0,713.0,0.375,0.256,0.409,0.404,124.0,38.0,16.0,2.0,175.0
Dwight Buycks,28.0,427.0,0.414,0.333,0.438,0.452,41.0,59.0,19.0,2.0,215.0
Dwight Howard,32.0,2463.0,0.555,0.143,0.559,0.556,1012.0,105.0,48.0,131.0,1347.0
Dwight Powell,26.0,1672.0,0.593,0.333,0.656,0.626,444.0,91.0,67.0,32.0,671.0
Dwyane Wade,36.0,1024.0,0.434,0.27899999999999997,0.46466666666666673,0.457,168.0,152.0,40.666666666666664,31.333333333333332,510.0
E'Twaun Moore,28.0,2586.0,0.508,0.425,0.556,0.585,238.0,187.0,79.0,12.0,1022.0
Ed Davis,28.0,1471.0,0.582,0.0,0.584,0.582,575.0,40.0,32.0,52.0,414.0
Ekpe Udoh,30.0,810.0,0.5,0.0,0.504,0.5,150.0,53.0,43.0,74.0,162.0
Elfrid Payton,23.0,1205.3333333333333,0.48266666666666663,0.2996666666666667,0.5106666666666667,0.5033333333333334,182.66666666666666,262.0,55.333333333333336,14.666666666666666,531.3333333333334
Emmanuel Mudiay,21.0,830.0,0.38566666666666666,0.2956666666666667,0.41566666666666663,0.42766666666666664,101.33333333333333,137.33333333333334,27.333333333333332,7.333333333333333,368.6666666666667
Enes Kanter,25.0,1830.0,0.592,0.0,0.594,0.592,780.0,105.0,36.0,37.0,1000.0
Eric Bledsoe,28.0,1548.0,0.44966666666666666,0.33466666666666667,0.513,0.5086666666666667,189.33333333333334,246.66666666666666,99.33333333333333,28.0,875.3333333333334
Eric Gordon,29.0,2154.0,0.428,0.359,0.544,0.54,170.0,154.0,44.0,27.0,1243.0
Ersan Ilyasova,30.0,1152.6666666666667,0.45,0.36000000000000004,0.5123333333333333,0.5233333333333333,270.0,60.0,40.666666666666664,17.333333333333332,500.0
Evan Fournier,25.0,1837.0,0.459,0.379,0.516,0.538,180.0,165.0,47.0,16.0,1013.0
Evan Turner,29.0,2034.0,0.447,0.318,0.485,0.484,244.0,173.0,47.0,29.0,649.0
Frank Kaminsky,24.0,1835.0,0.429,0.38,0.459,0.501,288.0,129.0,36.0,19.0,873.0
Frank Mason,23.0,984.0,0.379,0.36,0.384,0.42,130.0,147.0,34.0,10.0,413.0
Frank Ntilikina,19.0,1706.0,0.364,0.318,0.385,0.414,177.0,250.0,65.0,18.0,463.0
Fred VanVleet,23.0,1520.0,0.426,0.414,0.437,0.525,184.0,243.0,68.0,19.0,656.0
Furkan Korkmaz,20.0,80.0,0.286,0.294,0.273,0.375,11.0,4.0,2.0,1.0,23.0
Garrett Temple,31.0,1615.0,0.418,0.392,0.442,0.512,152.0,124.0,57.0,27.0,547.0
Gary Harris,23.0,2304.0,0.485,0.396,0.553,0.57,176.0,194.0,122.0,15.0,1170.0
Gary Payton,25.0,147.33333333333334,0.4046666666666667,0.23833333333333337,0.49266666666666664,0.4443333333333333,29.333333333333332,14.0,4.666666666666667,2.0,46.0
George Hill,31.0,1208.0,0.45766666666666667,0.40633333333333327,0.49300000000000005,0.539,120.66666666666667,124.0,40.666666666666664,18.0,444.6666666666667
Georges Niang,24.0,32.0,0.364,0.0,0.571,0.364,9.0,3.0,2.0,0.0,9.0
Gerald Green,32.0,929.0,0.407,0.369,0.504,0.54,133.0,25.0,24.0,15.0,497.0
Gian Clavell,24.0,64.0,0.333,0.4,0.0,0.5,7.0,3.0,2.0,0.0,20.0
Giannis Antetokounmpo,23.0,2756.0,0.529,0.307,0.554,0.545,753.0,361.0,109.0,106.0,2014.0
Glenn Robinson,24.0,338.0,0.424,0.412,0.431,0.506,37.0,17.0,13.0,1.0,95.0
Goran Dragic,31.0,2378.0,0.45,0.37,0.481,0.502,307.0,359.0,63.0,12.0,1296.0
Gorgui Dieng,28.0,1333.0,0.479,0.311,0.511,0.504,360.0,71.0,45.0,39.0,470.0
Guerschon Yabusele,22.0,235.0,0.426,0.324,0.583,0.525,52.0,16.0,4.0,5.0,79.0
Harrison Barnes,25.0,2634.0,0.445,0.357,0.478,0.494,468.0,152.0,49.0,14.0,1452.0
Hassan Whiteside,28.0,1364.0,0.54,1.0,0.538,0.542,618.0,54.0,37.0,94.0,754.0
Henry Ellenson,21.0,329.0,0.363,0.333,0.384,0.432,81.0,20.0,5.0,0.0,151.0
Ian Clark,26.0,1455.0,0.448,0.318,0.533,0.511,127.0,110.0,33.0,10.0,551.0
Ian Mahinmi,31.0,1145.0,0.556,0.0,0.561,0.556,312.0,53.0,38.0,42.0,366.0
Iman Shumpert,27.0,276.0,0.379,0.269,0.469,0.44,41.0,17.0,9.0,4.0,62.0
Isaiah Canaan,26.0,420.0,0.381,0.333,0.426,0.4615,44.5,76.0,16.0,1.0,172.0
Isaiah Hicks,23.0,240.0,0.458,0.222,0.492,0.472,41.0,16.0,2.0,4.0,80.0
Isaiah Taylor,23.0,1167.0,0.418,0.25,0.461,0.444,94.0,206.0,34.0,10.0,445.0
Isaiah Thomas,28.0,574.6666666666666,0.37233333333333335,0.291,0.4386666666666667,0.43733333333333335,44.666666666666664,102.0,10.0,2.0,324.0
Isaiah Whitehead,22.0,180.0,0.465,0.389,0.485,0.506,26.0,20.0,8.0,2.0,100.0
Ish Smith,29.0,2043.0,0.486,0.347,0.506,0.507,224.0,360.0,64.0,20.0,894.0
Ivica Zubac,20.0,410.0,0.5,0.0,0.504,0.5,123.0,25.0,8.0,15.0,161.0
J.J. Barea,33.0,1603.0,0.439,0.367,0.499,0.522,201.0,434.0,35.0,3.0,801.0
J.J. Redick,33.0,2116.0,0.46,0.42,0.504,0.569,178.0,210.0,35.0,6.0,1198.0
J.R. Smith,32.0,2244.0,0.403,0.375,0.453,0.524,235.0,141.0,68.0,11.0,662.0
JaKarr Sampson,24.0,344.0,0.543,0.5,0.549,0.574,78.0,9.0,8.0,22.0,103.0
JaMychal Green,27.0,1542.0,0.457,0.339,0.499,0.501,464.0,79.0,32.0,25.0,569.0
JaVale McGee,30.0,615.0,0.621,0.0,0.638,0.621,169.0,33.0,21.0,57.0,310.0
Jabari Bird,23.0,115.0,0.577,0.429,0.632,0.635,19.0,8.0,3.0,1.0,39.0
Jabari Parker,22.0,743.0,0.482,0.383,0.514,0.529,151.0,59.0,25.0,10.0,391.0
Jacob Wiley,23.0,33.0,0.25,0.5,0.0,0.375,11.0,2.0,1.0,0.0,4.0
Jae Crowder,27.0,1393.3333333333333,0.40266666666666673,0.32233333333333336,0.486,0.48466666666666663,183.33333333333334,66.0,42.666666666666664,14.0,515.3333333333334
Jahlil Okafor,22.0,340.5,0.562,0.25,0.5714999999999999,0.5660000000000001,80.5,11.5,3.0,17.0,171.0
Jake Layman,23.0,160.0,0.298,0.2,0.37,0.34,16.0,11.0,6.0,4.0,34.0
Jakob Poeltl,22.0,1524.0,0.659,0.5,0.66,0.66,393.0,57.0,39.0,100.0,567.0
Jalen Jones,24.0,120.66666666666667,0.341,0.5816666666666667,0.26366666666666666,0.4306666666666667,25.333333333333332,2.6666666666666665,3.3333333333333335,0.6666666666666666,49.333333333333336
Jamal Crawford,37.0,1653.0,0.415,0.331,0.477,0.485,99.0,185.0,40.0,9.0,822.0
Jamal Murray,20.0,2565.0,0.451,0.378,0.502,0.529,297.0,274.0,79.0,28.0,1352.0
Jameer Nelson,35.0,675.3333333333334,0.36033333333333334,0.25533333333333336,0.4376666666666667,0.425,69.33333333333333,119.33333333333333,18.0,2.6666666666666665,164.66666666666666
Jamel Artis,25.0,279.0,0.392,0.276,0.46,0.443,38.0,18.0,2.0,3.0,77.0
James Ennis,27.0,1069.3333333333333,0.4723333333333333,0.3313333333333333,0.5673333333333334,0.5386666666666667,149.33333333333334,47.333333333333336,31.333333333333332,12.0,341.3333333333333
James Harden,28.0,2551.0,0.449,0.367,0.531,0.541,389.0,630.0,126.0,50.0,2191.0
James Johnson,30.0,1943.0,0.503,0.308,0.587,0.55,358.0,280.0,70.0,51.0,788.0
James Young,22.0,61.0,0.357,0.3,0.5,0.464,2.0,2.0,0.0,0.0,17.0
Jamil Wilson,27.0,274.0,0.469,0.429,0.611,0.636,32.0,10.0,5.0,8.0,105.0
Jared Dudley,32.0,686.0,0.393,0.363,0.452,0.512,94.0,78.0,24.0,11.0,152.0
Jarell Martin,23.0,1661.0,0.446,0.347,0.47,0.48,318.0,73.0,39.0,49.0,565.0
Jarrett Allen,19.0,1441.0,0.589,0.333,0.599,0.596,388.0,49.0,28.0,88.0,587.0
Jarrett Jack,34.0,1548.0,0.427,0.291,0.459,0.455,191.0,348.0,35.0,4.0,466.0
Jason Smith,31.0,285.0,0.391,0.125,0.494,0.409,53.0,14.0,3.0,13.0,113.0
Jason Terry,40.0,814.0,0.383,0.348,0.487,0.513,48.0,59.0,42.0,13.0,166.0
Jawun Evans,21.0,778.0,0.352,0.278,0.372,0.381,84.0,100.0,36.0,6.0,231.0
Jaylen Brown,21.0,2152.0,0.465,0.395,0.507,0.54,346.0,114.0,70.0,26.0,1017.0
Jayson Tatum,19.0,2438.0,0.475,0.434,0.492,0.538,402.0,128.0,83.0,58.0,1112.0
Jeff Green,31.0,1828.0,0.477,0.312,0.54,0.52,246.0,99.0,41.0,34.0,846.0
Jeff Teague,29.0,2311.0,0.446,0.368,0.477,0.499,209.0,492.0,102.0,23.0,994.0
Jeff Withey,27.0,39.0,0.375,0.2,0.667,0.438,10.0,0.0,0.0,3.0,15.0
Jerami Grant,23.0,1647.0,0.535,0.291,0.613,0.57,319.0,57.0,31.0,77.0,682.0
Jeremy Lamb,25.0,1967.0,0.457,0.37,0.495,0.513,324.0,186.0,61.0,32.0,1033.0
Jeremy Lin,29.0,25.0,0.417,0.5,0.4,0.458,0.0,4.0,0.0,0.0,18.0
Jerian Grant,25.0,1686.0,0.416,0.326,0.468,0.476,172.0,342.0,63.0,8.0,619.0
Jerryd Bayless,29.0,925.0,0.416,0.37,0.474,0.519,80.0,54.0,23.0,6.0,307.0
Jimmy Butler,28.0,2164.0,0.474,0.35,0.509,0.512,314.0,288.0,116.0,24.0,1307.0
Jodie Meeks,30.0,1119.0,0.399,0.343,0.464,0.491,126.0,70.0,29.0,4.0,487.0
Joe Harris,26.0,1975.0,0.491,0.419,0.589,0.612,260.0,128.0,35.0,20.0,846.0
Joe Ingles,30.0,2578.0,0.467,0.44,0.516,0.609,344.0,392.0,90.0,20.0,940.0
Joe Johnson,36.0,803.3333333333334,0.4023333333333334,0.2763333333333334,0.48866666666666664,0.4586666666666666,114.66666666666667,55.333333333333336,12.0,4.666666666666667,248.0
Joe Young,25.0,558.0,0.43,0.379,0.458,0.497,63.0,39.0,14.0,1.0,207.0
Joel Bolomboy,24.0,38.0,0.5,0.0,0.6,0.5,10.0,0.0,2.0,0.0,9.0
Joel Embiid,23.0,1912.0,0.483,0.308,0.527,0.514,690.0,199.0,40.0,111.0,1445.0
Joffrey Lauvergne,26.0,534.0,0.516,0.0,0.53,0.516,171.0,41.0,9.0,3.0,226.0
John Collins,20.0,1785.0,0.576,0.34,0.598,0.591,541.0,98.0,47.0,80.0,777.0
John Henson,27.0,1970.0,0.572,0.143,0.578,0.573,513.0,114.0,45.0,109.0,665.0
John Holland,29.0,174.0,0.288,0.306,0.261,0.381,24.0,5.0,7.0,2.0,54.0
John Wall,27.0,1410.0,0.42,0.371,0.436,0.466,150.0,393.0,57.0,45.0,797.0
Johnathan Motley,22.0,176.0,0.533,0.167,0.565,0.54,49.0,7.0,3.0,2.0,96.0
Johnny O'Bryant,24.0,379.0,0.398,0.326,0.422,0.439,93.0,14.0,9.0,6.0,171.0
Jon Leuer,28.0,136.0,0.417,0.0,0.455,0.417,32.0,5.0,1.0,3.0,43.0
Jonas Jerebko,30.0,1134.0,0.466,0.414,0.511,0.562,246.0,42.0,24.0,12.0,429.0
Jonas Valanciunas,25.0,1727.0,0.568,0.405,0.587,0.59,660.0,81.0,29.0,69.0,980.0
Jonathan Isaac,20.0,536.0,0.379,0.348,0.394,0.434,99.0,18.0,33.0,30.0,145.0
Jonathon Simmons,28.0,2029.0,0.465,0.338,0.512,0.511,239.0,171.0,58.0,16.0,962.0
Jordan Bell,23.0,809.0,0.627,0.0,0.641,0.627,207.0,102.0,35.0,56.0,262.0
Jordan Clarkson,25.0,1258.6666666666667,0.45166666666666666,0.361,0.49699999999999994,0.5136666666666666,144.66666666666666,147.33333333333334,38.666666666666664,4.0,749.3333333333334
Jordan Crawford,29.0,53.0,0.444,0.571,0.308,0.593,4.0,13.0,1.0,1.0,33.0
Jordan Mickey,23.0,284.0,0.476,0.125,0.561,0.488,81.0,9.0,6.0,10.0,93.0
Jose Calderon,36.0,914.0,0.503,0.464,0.545,0.624,84.0,117.0,27.0,2.0,255.0
Josh Gray,24.0,86.0,0.268,0.231,0.286,0.305,10.0,12.0,8.0,2.0,32.0
Josh Hart,22.0,1461.0,0.469,0.396,0.551,0.573,263.0,80.0,47.0,16.0,496.0
Josh Huestis,26.0,982.0,0.33,0.287,0.403,0.42,161.0,20.0,15.0,43.0,159.0
Josh Jackson,20.0,1959.0,0.417,0.263,0.464,0.448,351.0,119.0,80.0,35.0,1012.0
Josh Magette,28.0,216.0,0.326,0.364,0.292,0.413,19.0,57.0,8.0,1.0,46.0
Josh Richardson,24.0,2689.0,0.451,0.378,0.495,0.523,285.0,231.0,121.0,75.0,1045.0
Jrue Holiday,27.0,2927.0,0.494,0.337,0.557,0.543,365.0,486.0,123.0,64.0,1537.0
Juan Hernangomez,22.0,277.0,0.387,0.28,0.6,0.48,54.0,12.0,6.0,3.0,82.0
Julius Randle,23.0,2190.0,0.558,0.222,0.575,0.563,654.0,210.0,43.0,45.0,1323.0
Justin Anderson,24.0,519.0,0.431,0.33,0.535,0.515,93.0,25.0,15.0,7.0,236.0
Justin Holiday,28.0,2265.0,0.371,0.359,0.387,0.474,291.0,153.0,80.0,31.0,876.0
Justin Jackson,22.0,1506.0,0.442,0.308,0.547,0.51,187.0,74.0,28.0,13.0,453.0
Justise Winslow,21.0,1680.0,0.424,0.38,0.44,0.474,370.0,148.0,54.0,33.0,529.0
Jusuf Nurkic,23.0,2088.0,0.505,0.0,0.508,0.505,708.0,143.0,64.0,111.0,1132.0
Kadeem Allen,25.0,107.0,0.273,0.0,0.545,0.273,11.0,12.0,3.0,2.0,19.0
Karl-Anthony Towns,22.0,2918.0,0.545,0.421,0.585,0.596,1012.0,199.0,64.0,115.0,1743.0
Kawhi Leonard,26.0,210.0,0.468,0.314,0.539,0.518,42.0,21.0,18.0,9.0,146.0
Kay Felder,22.0,137.0,0.3015,0.2165,0.333,0.331,16.0,20.0,3.0,1.0,56.0
Kelly Olynyk,26.0,1779.0,0.497,0.379,0.59,0.58,431.0,207.0,62.0,35.0,872.0
Kelly Oubre,22.0,2231.0,0.403,0.341,0.456,0.482,363.0,98.0,80.0,35.0,953.0
Kemba Walker,27.0,2736.0,0.431,0.384,0.469,0.516,248.0,444.0,91.0,24.0,1770.0
Kenneth Faried,28.0,461.0,0.514,0.0,0.517,0.514,153.0,18.0,12.0,13.0,188.0
Kent Bazemore,28.0,1789.0,0.42,0.394,0.438,0.5,248.0,228.0,100.0,45.0,836.0
Kentavious Caldwell-Pope,24.0,2458.0,0.426,0.383,0.473,0.526,387.0,162.0,106.0,16.0,992.0
Kevin Durant,29.0,2325.0,0.516,0.419,0.565,0.586,464.0,366.0,50.0,119.0,1792.0
Kevin Love,29.0,1651.0,0.458,0.415,0.494,0.552,546.0,103.0,43.0,24.0,1039.0
Kevon Looney,21.0,910.0,0.58,0.2,0.59,0.583,215.0,42.0,34.0,56.0,267.0
Khris Middleton,26.0,2982.0,0.466,0.359,0.517,0.524,429.0,328.0,119.0,21.0,1652.0
Klay Thompson,27.0,2506.0,0.488,0.44,0.526,0.585,277.0,185.0,55.0,34.0,1461.0
Kobi Simmons,20.0,643.0,0.423,0.282,0.46,0.452,50.0,68.0,18.0,5.0,196.0
Kris Dunn,23.0,1525.0,0.429,0.321,0.457,0.462,221.0,310.0,104.0,27.0,699.0
Kristaps Porzingis,22.0,1553.0,0.439,0.395,0.454,0.489,316.0,57.0,36.0,115.0,1088.0
Kyle Anderson,24.0,1978.0,0.527,0.333,0.556,0.549,396.0,202.0,115.0,60.0,585.0
Kyle Collinsworth,26.0,480.0,0.384,0.235,0.415,0.404,107.0,56.0,17.0,9.0,101.0
Kyle Korver,36.0,1574.0,0.459,0.436,0.537,0.628,165.0,88.0,31.0,27.0,672.0
Kyle Kuzma,22.0,2401.0,0.45,0.366,0.511,0.527,483.0,141.0,49.0,34.0,1242.0
Kyle Lowry,31.0,2510.0,0.427,0.399,0.474,0.553,434.0,537.0,85.0,19.0,1267.0
Kyle O'Quinn,27.0,1387.0,0.583,0.235,0.599,0.589,470.0,158.0,36.0,98.0,550.0
Kyle Singler,29.0,59.0,0.333,0.4,0.313,0.381,10.0,2.0,1.0,0.0,23.0
Kyrie Irving,25.0,1931.0,0.491,0.408,0.541,0.568,227.0,306.0,65.0,17.0,1466.0
LaMarcus Aldridge,32.0,2509.0,0.51,0.293,0.526,0.52,635.0,152.0,43.0,90.0,1735.0
Lance Stephenson,27.0,1850.0,0.427,0.289,0.495,0.475,424.0,235.0,46.0,17.0,757.0
Lance Thomas,29.0,1353.0,0.382,0.403,0.364,0.476,175.0,44.0,30.0,14.0,298.0
Langston Galloway,26.0,863.0,0.371,0.344,0.418,0.481,92.0,58.0,35.0,5.0,360.0
Larry Nance,25.0,947.3333333333334,0.5773333333333334,0.18066666666666667,0.5906666666666666,0.58,301.3333333333333,54.666666666666664,58.666666666666664,25.333333333333332,382.0
Lauri Markkanen,20.0,2020.0,0.434,0.362,0.497,0.518,508.0,79.0,39.0,40.0,1033.0
LeBron James,33.0,3026.0,0.542,0.367,0.603,0.59,709.0,747.0,116.0,71.0,2251.0
London Perrantes,23.0,66.0,0.154,0.0,0.2,0.154,4.0,5.0,2.0,1.0,7.0
Lonzo Ball,20.0,1780.0,0.36,0.305,0.42,0.44,360.0,376.0,88.0,43.0,528.0
Lorenzo Brown,27.0,139.0,0.412,0.167,0.545,0.441,15.0,13.0,5.0,0.0,32.0
Lou Williams,31.0,2589.0,0.435,0.359,0.484,0.505,198.0,417.0,85.0,19.0,1782.0
Luc Mbah a Moute,31.0,1564.0,0.481,0.364,0.599,0.572,186.0,55.0,72.0,25.0,460.0
Lucas Nogueira,25.0,418.0,0.613,0.263,0.721,0.644,87.0,22.0,23.0,43.0,122.0
Luke Babbitt,28.0,642.5,0.4495,0.41300000000000003,0.5345,0.5925,88.5,28.5,7.5,6.0,242.5
Luke Kennard,21.0,1463.0,0.443,0.415,0.463,0.53,176.0,124.0,44.0,13.0,558.0
Luke Kornet,22.0,326.0,0.392,0.354,0.457,0.504,64.0,26.0,6.0,16.0,134.0
Malachi Richardson,22.0,321.5,0.3315,0.304,0.3535,0.399,33.5,13.0,10.0,1.0,88.0
Malcolm Brogdon,25.0,1436.0,0.485,0.385,0.532,0.547,156.0,152.0,41.0,13.0,625.0
Malcolm Delaney,28.0,1014.0,0.382,0.371,0.391,0.463,100.0,163.0,35.0,6.0,338.0
Malcolm Miller,24.0,126.0,0.464,0.381,0.714,0.607,15.0,3.0,1.0,2.0,38.0
Malik Beasley,21.0,583.0,0.41,0.341,0.469,0.489,71.0,31.0,15.0,7.0,196.0
Malik Monk,19.0,854.0,0.36,0.342,0.385,0.458,66.0,91.0,20.0,9.0,421.0
Manu Ginobili,40.0,1299.0,0.434,0.333,0.506,0.503,142.0,163.0,43.0,16.0,576.0
MarShon Brooks,29.0,193.0,0.5,0.594,0.457,0.593,21.0,25.0,11.0,3.0,141.0
Marc Gasol,33.0,2408.0,0.42,0.341,0.456,0.473,592.0,305.0,54.0,101.0,1258.0
Marco Belinelli,31.0,1298.0,0.4486666666666667,0.37799999999999995,0.5256666666666666,0.547,100.66666666666667,98.66666666666667,44.0,8.0,647.3333333333334
Marcus Georges-Hunt,23.0,224.0,0.438,0.267,0.515,0.479,16.0,7.0,6.0,0.0,59.0
Marcus Morris,28.0,1447.0,0.429,0.368,0.467,0.499,289.0,72.0,35.0,12.0,734.0
Marcus Paige,24.0,28.0,0.286,0.25,0.333,0.357,4.0,3.0,0.0,0.0,12.0
Marcus Smart,23.0,1614.0,0.367,0.301,0.429,0.44,189.0,259.0,71.0,23.0,550.0
Mario Chalmers,31.0,1421.0,0.379,0.277,0.456,0.439,157.0,197.0,79.0,14.0,507.0
Mario Hezonja,22.0,1657.0,0.442,0.337,0.523,0.515,281.0,106.0,81.0,31.0,722.0
Markelle Fultz,19.0,253.0,0.405,0.0,0.409,0.405,43.0,53.0,12.0,4.0,100.0
Markieff Morris,28.0,1968.0,0.48,0.367,0.529,0.536,409.0,142.0,56.0,38.0,841.0
Marquese Chriss,20.0,1527.0,0.423,0.295,0.509,0.482,395.0,83.0,51.0,70.0,556.0
Marquis Teague,24.0,74.0,0.25,0.25,0.25,0.281,6.0,13.0,4.0,0.0,11.0
Marreese Speights,30.0,675.0,0.395,0.369,0.448,0.519,133.0,40.0,8.0,22.0,402.0
Marvin Williams,31.0,2006.0,0.458,0.413,0.512,0.57,370.0,96.0,56.0,38.0,744.0
Mason Plumlee,27.0,1439.0,0.601,0.0,0.602,0.601,400.0,142.0,49.0,81.0,524.0
Matthew Dellavedova,27.0,712.0,0.362,0.372,0.351,0.457,64.0,145.0,14.0,0.0,164.0
Maurice Harkless,24.0,1264.0,0.495,0.415,0.547,0.577,162.0,53.0,48.0,43.0,385.0
Maxi Kleber,26.0,1206.0,0.489,0.313,0.613,0.553,234.0,51.0,26.0,47.0,386.0
Meyers Leonard,25.0,254.0,0.59,0.423,0.673,0.66,70.0,17.0,7.0,0.0,112.0
Michael Beasley,29.0,1653.0,0.507,0.395,0.52,0.528,414.0,123.0,36.0,43.0,976.0
Michael Carter-Williams,26.0,835.0,0.332,0.237,0.365,0.362,138.0,116.0,44.0,23.0,239.0
Michael Kidd-Gilchrist,24.0,1850.0,0.504,0.0,0.505,0.504,302.0,71.0,51.0,32.0,681.0
Mike Conley,30.0,373.0,0.381,0.312,0.44,0.452,27.0,49.0,12.0,3.0,205.0
Mike James,27.0,678.0,0.3855,0.2665,0.4385,0.4265,89.5,123.0,27.5,7.0,334.0
Mike Muscala,26.0,1060.0,0.458,0.371,0.559,0.558,230.0,51.0,31.0,27.0,405.0
Mike Scott,29.0,1406.0,0.527,0.405,0.582,0.59,247.0,80.0,23.0,10.0,668.0
Milos Teodosic,30.0,1134.0,0.419,0.379,0.492,0.542,126.0,209.0,23.0,5.0,429.0
Milton Doyle,24.0,125.0,0.277,0.174,0.375,0.319,18.0,10.0,6.0,2.0,34.0
Monte Morris,22.0,25.0,0.667,0.0,0.8,0.667,2.0,7.0,3.0,0.0,10.0
Montrezl Harrell,24.0,1293.0,0.635,0.143,0.641,0.636,306.0,74.0,36.0,52.0,836.0
Myke Henry,25.0,378.0,0.376,0.328,0.431,0.463,38.0,22.0,31.0,6.0,107.0
Myles Turner,21.0,1836.0,0.479,0.357,0.519,0.523,417.0,87.0,38.0,118.0,828.0
Nemanja Bjelica,29.0,1371.0,0.461,0.415,0.505,0.563,274.0,86.0,50.0,16.0,454.0
Nene Hilario,35.0,758.0,0.569,0.0,0.574,0.569,176.0,45.0,28.0,14.0,340.0
Nerlens Noel,23.0,472.0,0.524,0.0,0.529,0.524,168.0,20.0,31.0,22.0,131.0
Nick Young,32.0,1393.0,0.412,0.377,0.481,0.538,125.0,36.0,38.0,7.0,581.0
Nicolas Batum,29.0,1981.0,0.415,0.336,0.473,0.486,306.0,349.0,65.0,23.0,740.0
Nigel Hayes,23.0,79.33333333333333,0.3173333333333333,0.139,0.5956666666666667,0.34933333333333333,14.666666666666666,4.0,1.3333333333333333,2.0,16.0
Nik Stauskas,24.0,348.6666666666667,0.3443333333333333,0.268,0.3586666666666667,0.432,42.666666666666664,26.0,6.0,2.6666666666666665,120.66666666666667
Nikola Jokic,22.0,2443.0,0.499,0.396,0.538,0.554,803.0,458.0,90.0,61.0,1385.0
Nikola Mirotic,26.0,996.0,0.44933333333333336,0.38033333333333336,0.5246666666666667,0.5489999999999999,270.0,53.333333333333336,29.333333333333332,26.0,572.6666666666666
Nikola Vucevic,27.0,1683.0,0.475,0.314,0.527,0.513,523.0,191.0,56.0,62.0,939.0
Noah Vonleh,22.0,583.3333333333334,0.449,0.312,0.5,0.4883333333333333,207.33333333333334,22.666666666666668,12.666666666666666,11.333333333333334,176.0
Norman Powell,24.0,1062.0,0.401,0.285,0.516,0.472,119.0,89.0,37.0,16.0,385.0
OG Anunoby,20.0,1481.0,0.471,0.371,0.604,0.577,184.0,55.0,52.0,14.0,438.0
Okaro White,25.0,80.0,0.438,0.364,0.6,0.563,11.0,2.0,1.0,1.0,20.0
Omri Casspi,29.0,740.0,0.58,0.455,0.595,0.604,200.0,51.0,18.0,19.0,300.0
Otto Porter,24.0,2432.0,0.503,0.441,0.537,0.581,492.0,157.0,116.0,41.0,1134.0
P.J. Tucker,32.0,2281.0,0.39,0.371,0.435,0.52,457.0,77.0,78.0,26.0,502.0
Pascal Siakam,23.0,1679.0,0.508,0.22,0.612,0.537,364.0,159.0,62.0,42.0,589.0
Pat Connaughton,25.0,1488.0,0.423,0.352,0.506,0.518,161.0,91.0,23.0,22.0,441.0
Patrick Beverley,29.0,334.0,0.403,0.4,0.407,0.504,45.0,32.0,19.0,5.0,134.0
Patrick McCaw,22.0,961.0,0.409,0.238,0.503,0.451,82.0,81.0,43.0,10.0,229.0
Patrick Patterson,28.0,1270.0,0.398,0.386,0.421,0.523,193.0,57.0,48.0,23.0,318.0
Patty Mills,29.0,2107.0,0.411,0.372,0.47,0.523,154.0,229.0,55.0,11.0,819.0
Pau Gasol,37.0,1812.0,0.458,0.358,0.481,0.492,619.0,238.0,24.0,79.0,775.0
Paul George,27.0,2891.0,0.43,0.401,0.454,0.521,447.0,263.0,161.0,39.0,1734.0
Paul Millsap,32.0,1143.0,0.464,0.345,0.506,0.509,245.0,105.0,39.0,44.0,555.0
Paul Zipser,23.0,824.0,0.346,0.336,0.355,0.425,131.0,46.0,20.0,15.0,218.0
Quincy Acy,27.0,1359.0,0.356,0.349,0.384,0.496,257.0,57.0,33.0,29.0,411.0
Quincy Pondexter,29.0,196.0,0.286,0.136,0.407,0.316,27.0,9.0,8.0,2.0,45.0
Quinn Cook,24.0,740.0,0.484,0.442,0.514,0.575,82.0,89.0,12.0,1.0,312.0
R.J. Hunter,24.0,45.0,0.35,0.214,0.667,0.425,5.0,3.0,3.0,0.0,19.0
Rajon Rondo,31.0,1705.0,0.468,0.333,0.526,0.518,263.0,533.0,70.0,10.0,537.0
Ramon Sessions,31.0,261.3333333333333,0.357,0.2966666666666667,0.373,0.39033333333333337,25.333333333333332,51.333333333333336,9.333333333333334,1.3333333333333333,90.66666666666667
Rashad Vaughn,21.0,192.5,0.4155,0.3745,0.5035000000000001,0.543,19.0,12.5,4.5,3.0,61.5
Raul Neto,25.0,498.0,0.457,0.404,0.481,0.52,49.0,75.0,13.0,4.0,183.0
Raymond Felton,33.0,1365.0,0.406,0.352,0.444,0.479,156.0,203.0,49.0,16.0,565.0
Reggie Bullock,26.0,1732.0,0.489,0.445,0.536,0.603,154.0,95.0,47.0,13.0,698.0
Reggie Jackson,27.0,1201.0,0.426,0.308,0.475,0.471,125.0,238.0,27.0,4.0,656.0
Richard Jefferson,37.0,163.0,0.444,0.286,0.5,0.481,17.0,15.0,2.0,1.0,30.0
Richaun Holmes,24.0,746.0,0.56,0.129,0.624,0.568,211.0,61.0,20.0,29.0,311.0
Ricky Rubio,27.0,2254.0,0.418,0.352,0.451,0.476,351.0,410.0,121.0,11.0,1008.0
Robert Covington,27.0,2532.0,0.413,0.369,0.497,0.534,433.0,156.0,137.0,72.0,1009.0
Robin Lopez,29.0,1690.0,0.53,0.286,0.536,0.533,290.0,124.0,14.0,53.0,756.0
Rodney Hood,25.0,1077.3333333333333,0.43166666666666664,0.37399999999999994,0.4713333333333334,0.5113333333333333,110.0,63.333333333333336,30.0,8.0,588.0
Rodney McGruder,26.0,299.0,0.493,0.429,0.553,0.596,32.0,17.0,8.0,3.0,91.0
Rodney Purvis,23.0,290.0,0.327,0.25,0.4,0.388,27.0,17.0,3.0,3.0,96.0
Ron Baker,24.0,385.0,0.339,0.333,0.346,0.432,30.0,47.0,26.0,6.0,71.0
Rondae Hollis-Jefferson,23.0,1920.0,0.472,0.241,0.491,0.481,459.0,167.0,65.0,48.0,946.0
Royce O'Neale,24.0,1150.0,0.423,0.356,0.47,0.496,236.0,95.0,36.0,16.0,343.0
Rudy Gay,31.0,1231.0,0.471,0.314,0.516,0.506,291.0,73.0,46.0,38.0,655.0
Russell Westbrook,29.0,2914.0,0.449,0.298,0.485,0.477,804.0,820.0,147.0,20.0,2028.0
Ryan Anderson,29.0,1725.0,0.431,0.386,0.539,0.568,331.0,60.0,24.0,21.0,617.0
Ryan Arcidiacono,23.0,304.0,0.415,0.29,0.8,0.524,25.0,35.0,13.0,0.0,48.0
Salah Mejri,31.0,729.0,0.642,0.0,0.657,0.642,246.0,35.0,22.0,67.0,214.0
Sam Dekker,23.0,883.0,0.494,0.167,0.593,0.514,174.0,38.0,24.0,9.0,303.0
Sean Kilpatrick,28.0,256.0,0.37340000000000007,0.33659999999999995,0.4168,0.45199999999999996,34.8,18.4,5.2,2.0,132.0
Semi Ojeleye,23.0,1150.0,0.346,0.32,0.397,0.452,161.0,20.0,21.0,4.0,195.0
Serge Ibaka,28.0,2093.0,0.483,0.36,0.559,0.552,478.0,62.0,29.0,99.0,959.0
Shabazz Muhammad,25.0,278.6666666666667,0.4623333333333333,0.2816666666666667,0.492,0.4816666666666667,50.666666666666664,9.333333333333334,6.0,2.0,142.66666666666666
Shabazz Napier,26.0,1535.0,0.42,0.376,0.45,0.497,170.0,150.0,81.0,14.0,644.0
Shane Larkin,25.0,775.0,0.384,0.36,0.398,0.454,92.0,98.0,29.0,2.0,231.0
Shaquille Harrison,24.0,384.0,0.476,0.231,0.541,0.5,61.0,55.0,26.0,7.0,152.0
Shaun Livingston,32.0,1129.0,0.501,0.0,0.509,0.501,131.0,140.0,35.0,21.0,394.0
Shelvin Mack,27.0,1365.0,0.43,0.345,0.473,0.488,166.0,272.0,54.0,8.0,473.0
Sindarius Thornwell,23.0,1156.0,0.429,0.377,0.448,0.479,140.0,68.0,48.0,25.0,282.0
Skal Labissiere,21.0,1240.0,0.448,0.353,0.459,0.467,288.0,72.0,25.0,49.0,523.0
Solomon Hill,26.0,187.0,0.268,0.19,0.35,0.317,36.0,22.0,7.0,1.0,29.0
Spencer Dinwiddie,24.0,2306.0,0.387,0.326,0.452,0.471,259.0,524.0,68.0,23.0,1007.0
Stanley Johnson,21.0,1894.0,0.375,0.286,0.439,0.435,252.0,112.0,95.0,14.0,599.0
Stephen Curry,29.0,1631.0,0.495,0.423,0.595,0.618,261.0,310.0,80.0,8.0,1346.0
Sterling Brown,22.0,776.0,0.4,0.352,0.439,0.478,143.0,25.0,31.0,13.0,217.0
Steven Adams,24.0,2487.0,0.629,0.0,0.631,0.629,685.0,88.0,92.0,78.0,1056.0
T.J. Leaf,20.0,459.0,0.471,0.429,0.489,0.537,82.0,9.0,5.0,4.0,156.0
T.J. McConnell,25.0,1706.0,0.499,0.435,0.51,0.531,226.0,303.0,92.0,13.0,478.0
T.J. Warren,24.0,2142.0,0.498,0.222,0.523,0.507,333.0,85.0,65.0,41.0,1271.0
Taj Gibson,32.0,2726.0,0.577,0.2,0.595,0.581,584.0,99.0,62.0,59.0,999.0
Tarik Black,26.0,536.0,0.591,0.091,0.638,0.594,163.0,13.0,21.0,30.0,180.0
Taurean Waller-Prince,23.0,2464.0,0.426,0.385,0.461,0.516,389.0,214.0,85.0,42.0,1158.0
Terrance Ferguson,19.0,763.0,0.414,0.333,0.612,0.533,47.0,19.0,24.0,10.0,189.0
Terrence Ross,26.0,600.0,0.398,0.323,0.469,0.476,73.0,38.0,27.0,11.0,209.0
Terry Rozier,23.0,2068.0,0.395,0.381,0.41,0.491,376.0,232.0,80.0,19.0,900.0
Thabo Sefolosha,33.0,806.0,0.492,0.381,0.551,0.558,161.0,33.0,52.0,12.0,312.0
Thaddeus Young,29.0,2607.0,0.487,0.32,0.531,0.521,512.0,152.0,135.0,36.0,955.0
Thomas Bryant,20.0,72.0,0.381,0.1,0.636,0.405,17.0,6.0,1.0,2.0,22.0
Thon Maker,20.0,1238.0,0.411,0.298,0.467,0.46,225.0,46.0,38.0,53.0,356.0
Tim Frazier,27.0,838.0,0.395,0.304,0.44,0.445,115.0,194.0,47.0,7.0,176.0
Tim Hardaway,25.0,1885.0,0.421,0.317,0.516,0.496,224.0,155.0,62.0,10.0,996.0
Tim Quarterman,23.0,13.0,0.333,0.0,1.0,0.333,3.0,1.0,0.0,0.0,4.0
Timofey Mozgov,31.0,359.0,0.559,0.222,0.64,0.581,98.0,11.0,5.0,13.0,131.0
Timothe Luwawu-Cabarrot,22.0,807.0,0.375,0.335,0.431,0.474,72.0,54.0,12.0,5.0,299.0
Tobias Harris,25.0,1778.6666666666667,0.4613333333333333,0.41133333333333333,0.48900000000000005,0.5356666666666667,291.3333333333333,128.0,47.333333333333336,23.333333333333332,990.6666666666666
Tomas Satoransky,26.0,1643.0,0.523,0.465,0.544,0.585,233.0,286.0,52.0,15.0,524.0
Tony Allen,36.0,273.0,0.484,0.333,0.506,0.505,47.0,9.0,11.0,3.0,103.0
Tony Bradley,20.0,29.0,0.273,0.0,0.3,0.273,11.0,1.0,0.0,0.0,8.0
Tony Parker,35.0,1071.0,0.459,0.27,0.479,0.472,95.0,195.0,28.0,1.0,421.0
Tony Snell,26.0,2053.0,0.435,0.403,0.49,0.562,141.0,98.0,47.0,28.0,516.0
Torrey Craig,27.0,629.0,0.453,0.293,0.57,0.515,127.0,25.0,12.0,15.0,163.0
Travis Wear,27.0,228.0,0.347,0.362,0.32,0.465,38.0,7.0,4.0,5.0,75.0
Treveon Graham,24.0,1050.0,0.434,0.412,0.452,0.525,121.0,59.0,33.0,2.0,273.0
Trevor Ariza,32.0,2269.0,0.412,0.368,0.519,0.542,294.0,105.0,98.0,13.0,782.0
Trevor Booker,30.0,579.0,0.51325,0.248,0.54325,0.5255000000000001,159.0,41.0,14.0,10.5,214.0
Trey Burke,25.0,785.0,0.503,0.362,0.556,0.552,71.0,170.0,24.0,4.0,461.0
Trey Lyles,22.0,1391.0,0.491,0.381,0.563,0.566,347.0,91.0,30.0,34.0,724.0
Troy Daniels,26.0,1622.0,0.403,0.4,0.419,0.563,127.0,48.0,26.0,5.0,703.0
Troy Williams,23.0,204.66666666666666,0.39333333333333337,0.20733333333333334,0.5433333333333333,0.4283333333333334,42.0,10.666666666666666,13.333333333333334,2.6666666666666665,88.66666666666667
Tyler Cavanaugh,23.0,518.0,0.441,0.36,0.556,0.546,127.0,27.0,9.0,4.0,183.0
Tyler Dorsey,21.0,974.0,0.377,0.362,0.393,0.471,130.0,79.0,17.0,5.0,405.0
Tyler Ennis,23.0,683.0,0.42,0.25,0.476,0.451,95.0,105.0,30.0,10.0,224.0
Tyler Johnson,25.0,2052.0,0.435,0.367,0.491,0.518,248.0,165.0,60.0,34.0,843.0
Tyler Ulis,22.0,1658.0,0.388,0.288,0.425,0.426,128.0,311.0,70.0,7.0,554.0
Tyler Zeller,28.0,739.3333333333334,0.5653333333333334,0.24733333333333332,0.5823333333333333,0.5776666666666666,203.33333333333334,31.333333333333332,10.0,23.333333333333332,294.0
Tyreke Evans,28.0,1607.0,0.452,0.399,0.482,0.523,265.0,269.0,57.0,17.0,1010.0
Tyrone Wallace,23.0,851.0,0.445,0.25,0.483,0.466,105.0,71.0,27.0,13.0,291.0
Tyus Jones,21.0,1467.0,0.457,0.349,0.528,0.526,132.0,232.0,95.0,6.0,416.0
Udonis Haslem,37.0,72.0,0.2,0.125,0.286,0.233,10.0,5.0,0.0,2.0,8.0
Vander Blue,25.0,45.0,0.2,0.0,0.333,0.2,1.0,3.0,1.0,0.0,3.0
Victor Oladipo,25.0,2552.0,0.477,0.371,0.528,0.537,390.0,323.0,177.0,57.0,1735.0
Vince Carter,41.0,1026.0,0.403,0.345,0.483,0.504,148.0,69.0,42.0,26.0,313.0
Wade Baldwin,21.0,80.0,0.667,0.8,0.625,0.762,8.0,5.0,2.0,1.0,38.0
Walt Lemon Jr.,25.0,35.0,0.438,1.0,0.4,0.469,2.0,5.0,0.0,1.0,17.0
Wayne Ellington,30.0,2041.0,0.407,0.392,0.479,0.569,218.0,79.0,53.0,8.0,864.0
Wayne Selden,23.0,692.0,0.431,0.402,0.456,0.522,56.0,66.0,18.0,5.0,325.0
Wesley Iwundu,23.0,1020.0,0.427,0.196,0.488,0.447,137.0,57.0,33.0,12.0,229.0
Wesley Johnson,30.0,1486.0,0.408,0.339,0.471,0.489,216.0,61.0,76.0,62.0,403.0
Wesley Matthews,31.0,2131.0,0.406,0.381,0.441,0.516,198.0,172.0,76.0,16.0,802.0
Will Barton,27.0,2683.0,0.452,0.37,0.51,0.528,409.0,331.0,82.0,52.0,1268.0
Willie Cauley-Stein,24.0,2044.0,0.502,0.25,0.506,0.504,510.0,172.0,77.0,67.0,932.0
Willie Reed,27.0,423.5,0.668,0.5,0.6705000000000001,0.6725000000000001,120.5,9.5,9.0,22.0,194.0
Willy Hernangomez,23.0,330.0,0.5553333333333333,0.39599999999999996,0.566,0.5703333333333334,122.0,22.0,12.0,10.666666666666666,164.0
Wilson Chandler,30.0,2346.0,0.445,0.358,0.501,0.515,398.0,159.0,43.0,39.0,738.0
Xavier Munford,25.0,21.0,0.167,0.0,0.25,0.167,1.0,4.0,1.0,0.0,3.0
Xavier Rathan-Mayes,23.0,118.0,0.286,0.071,0.393,0.298,5.0,18.0,6.0,3.0,29.0
Yogi Ferrell,24.0,2282.0,0.426,0.373,0.477,0.518,249.0,201.0,64.0,9.0,838.0
Zach Collins,20.0,1045.0,0.398,0.31,0.455,0.458,221.0,52.0,17.0,31.0,292.0
Zach LaVine,22.0,656.0,0.383,0.341,0.405,0.442,94.0,72.0,24.0,4.0,401.0
Zach Randolph,36.0,1508.0,0.473,0.347,0.503,0.507,397.0,127.0,42.0,10.0,857.0
Zaza Pachulia,33.0,972.0,0.564,0.0,0.567,0.564,321.0,109.0,38.0,17.0,373.0
Zhou Qi,22.0,124.0,0.188,0.105,0.308,0.219,22.0,2.0,2.0,14.0,22.0
